{
  "IcoMoonType": "selection",
  "icons": [
    {
      "icon": {
        "paths": [
          "M1285.293 605.914c-8.346-62.554-13.741-118.39-16.186-167.51-1.056-49.921 0.838-93.125 5.69-129.612l-1214.079 700.948-57.436-99.482 1214.075-700.949c-34.931-15.622-73.754-36.371-116.454-62.246-41.318-26.676-86.522-58.479-135.61-95.407l72.89-42.081c154.016 64.776 294.874 97.144 422.579 97.105l24.614 42.636c-64.8 108.995-107.194 247.167-127.194 414.515l-72.89 42.081z"
        ],
        "attrs": [
          {
            "fill": "rgb(236, 217, 121)"
          }
        ],
        "width": 1536,
        "isMulticolor": false,
        "isMulticolor2": false,
        "grid": 0,
        "tags": [
          "→ (2)"
        ],
        "colorPermutations": {
          "151712551171171171123621712114646461": [
            {
              "f": 3
            }
          ]
        }
      },
      "attrs": [
        {
          "fill": "rgb(236, 217, 121)"
        }
      ],
      "properties": {
        "order": 94,
        "id": 2,
        "name": "1",
        "prevSize": 32
      },
      "setIdx": 0,
      "setId": 9,
      "iconIdx": 0
    },
    {
      "icon": {
        "paths": [
          "M0-455.111h1437.737v1768.727h-1437.737v-1768.727z"
        ],
        "attrs": [
          {}
        ],
        "width": 1438,
        "isMulticolor": false,
        "isMulticolor2": false,
        "grid": 0,
        "tags": [
          "image 6344275 (1)"
        ]
      },
      "attrs": [
        {}
      ],
      "properties": {
        "order": 88,
        "id": 0,
        "name": "image-6344275-1",
        "prevSize": 32
      },
      "setIdx": 1,
      "setId": 8,
      "iconIdx": 0
    },
    {
      "icon": {
        "paths": [
          "M501.917 5.871c4.475-7.772 15.69-7.772 20.166 0l70.6 122.577c3.382 5.871 11.043 7.623 16.64 3.805l118.093-80.553c7.439-5.075 17.577-0.138 18.168 8.849l9.207 139.875c0.45 6.828 6.668 11.797 13.427 10.729l141.774-22.395c8.977-1.418 16.042 7.543 12.568 15.942l-53.544 129.448c-2.65 6.405 0.851 13.689 7.505 15.623l137.101 39.834c8.791 2.554 11.327 13.79 4.483 19.871l-105.571 93.827c-5.208 4.629-5.208 12.767 0 17.396l105.571 93.827c6.843 6.081 4.308 17.317-4.483 19.871l-137.101 39.834c-6.655 1.934-10.155 9.218-7.505 15.623l53.544 129.448c3.473 8.399-3.591 17.36-12.568 15.942l-141.774-22.395c-6.76-1.068-12.977 3.901-13.427 10.73l-9.207 139.874c-0.591 8.986-10.729 13.923-18.168 8.848l-118.093-80.553c-5.597-3.818-13.258-2.065-16.64 3.805l-70.6 122.577c-4.475 7.771-15.69 7.771-20.166 0l-70.6-122.577c-3.382-5.871-11.043-7.623-16.64-3.805l-118.093 80.553c-7.44 5.075-17.577 0.137-18.168-8.848l-9.207-139.874c-0.45-6.829-6.668-11.798-13.427-10.73l-141.773 22.395c-8.978 1.418-16.042-7.543-12.568-15.942l53.543-129.448c2.65-6.405-0.851-13.689-7.505-15.623l-137.101-39.834c-8.791-2.554-11.326-13.79-4.484-19.871l105.571-93.827c5.208-4.629 5.208-12.767 0-17.396l-105.571-93.827c-6.843-6.081-4.307-17.317 4.484-19.871l137.101-39.834c6.655-1.934 10.155-9.218 7.505-15.623l-53.543-129.448c-3.474-8.399 3.591-17.36 12.568-15.942l141.773 22.395c6.76 1.068 12.977-3.901 13.427-10.729l9.207-139.875c0.591-8.986 10.728-13.923 18.168-8.849l118.093 80.553c5.597 3.818 13.258 2.065 16.64-3.805l70.6-122.577z"
        ],
        "attrs": [
          {
            "fill": "rgb(236, 217, 121)"
          }
        ],
        "isMulticolor": false,
        "isMulticolor2": false,
        "grid": 0,
        "tags": [
          "star-10"
        ]
      },
      "attrs": [
        {
          "fill": "rgb(236, 217, 121)"
        }
      ],
      "properties": {
        "order": 89,
        "id": 0,
        "name": "star-10",
        "prevSize": 32
      },
      "setIdx": 2,
      "setId": 7,
      "iconIdx": 0
    }
  ],
  "height": 1024,
  "preferences": {
    "showGlyphs": true,
    "showCodes": true,
    "showQuickUse": true,
    "showQuickUse2": false,
    "showSVGs": true,
    "fontPref": {
      "prefix": "icon-",
      "metadata": {},
      "metrics": {
        "emSize": 1024,
        "baseline": 6.25,
        "whitespace": 50
      }
    },
    "imagePref": {
      "prefix": "icon-vibes",
      "png": false,
      "useClassSelector": true,
      "color": 0,
      "bgColor": 16777215,
      "name": "hero-icon",
      "classSelector": ".icon",
      "height": 32,
      "columns": 16,
      "margin": 16,
      "autoHost": true,
      "minifyJs": true,
      "sprite": true
    },
    "historySize": 50,
    "quickUsageToken": {
      "UntitledProject1": "YmQyYWJmYmM4NiMxNjk4MzQyMTg3I1hRSFBlV2FLVk5yVFpNS1ZleHRZMjNvTm1DRjdDY200RExiL3Zocmt0T0Fy"
    },
    "gridSize": 16
  }
}